{
  "fill-specializations" : [
    {
      "value" : "automatic"
    },
    {
      "appearance" : "dark",
      "value" : "automatic"
    }
  ],
  "groups" : [
    {
      "blur-material" : null,
      "layers" : [
        {
          "hidden" : false,
          "image-name" : "CXMFFix-Icon-1024.png",
          "name" : "CXMFFix-Icon-1024"
        }
      ],
      "lighting" : "individual",
      "shadow" : {
        "kind" : "neutral",
        "opacity" : 0.5
      },
      "specular" : true,
      "translucency" : {
        "enabled" : true,
        "value" : 0.5
      }
    }
  ],
  "supported-platforms" : {
    "squares" : "shared"
  }
}